{"cameraMode":{"drawMode":0,"name":"Shaded","section":"Shading Mode"},"sceneLighting":true,"audioPlay":false,"sceneViewState":{"m_AlwaysRefresh":false,"showFog":true,"showSkybox":true,"showFlares":true,"showImageEffects":true,"showParticleSystems":true,"showVisualEffectGraphs":true,"m_FxEnabled":true},"in2DMode":false,"pivot":{"x":0.2967386245727539,"y":-16.428768157958986,"z":38.93578338623047},"rotation":{"x":0.05896419659256935,"y":0.18358610570430757,"z":-0.010810496285557747,"w":0.9813506007194519},"size":0.8660253882408142,"orthographic":false}