{"cameraMode":{"drawMode":0,"name":"Shaded","section":"Shading Mode"},"sceneLighting":true,"audioPlay":false,"sceneViewState":{"m_AlwaysRefresh":false,"showFog":true,"showSkybox":true,"showFlares":true,"showImageEffects":true,"showParticleSystems":true,"showVisualEffectGraphs":true,"m_FxEnabled":true},"in2DMode":false,"pivot":{"x":-0.560933530330658,"y":-15.937760353088379,"z":41.90087127685547},"rotation":{"x":0.012497431598603726,"y":0.9862777590751648,"z":-0.08900550752878189,"w":0.13848529756069184},"size":0.8660253882408142,"orthographic":true}